<?xml version="1.0" encoding="utf-8"?>
<entry xml:base="http://datamall2.mytransport.sg/ltaodataservice" xmlns="http://www.w3.org/2005/Atom" xmlns:d="http://schemas.microsoft.com/ado/2007/08/dataservices" xmlns:m="http://schemas.microsoft.com/ado/2007/08/dataservices/metadata" xmlns:georss="http://www.georss.org/georss" xmlns:gml="http://www.opengis.net/gml">
    <id>http://schemas.datacontract.org/2004/07/</id>
    <title />
    <updated>2021-11-2T7:31:23Z</updated>
    <link rel="self" href="http://datamall2.mytransport.sg/ltaodataservice/PCDRealTime" />
    <entry>
        <content type="application/xml">
            <m:properties>
                <d:Station>BP11</d:Station>
                <d:StartTime>2021-11-02T15:10:00+08:00</d:StartTime>
                <d:EndTime>2021-11-02T15:20:00+08:00</d:EndTime>
                <d:CrowdLevel>l</d:CrowdLevel>
            </m:properties>
        </content>
    </entry>
    <entry>
        <content type="application/xml">
            <m:properties>
                <d:Station>BP6</d:Station>
                <d:StartTime>2021-11-02T15:10:00+08:00</d:StartTime>
                <d:EndTime>2021-11-02T15:20:00+08:00</d:EndTime>
                <d:CrowdLevel>l</d:CrowdLevel>
            </m:properties>
        </content>
    </entry>
    <entry>
        <content type="application/xml">
            <m:properties>
                <d:Station>BP8</d:Station>
                <d:StartTime>2021-11-02T15:10:00+08:00</d:StartTime>
                <d:EndTime>2021-11-02T15:20:00+08:00</d:EndTime>
                <d:CrowdLevel>l</d:CrowdLevel>
            </m:properties>
        </content>
    </entry>
    <entry>
        <content type="application/xml">
            <m:properties>
                <d:Station>BP9</d:Station>
                <d:StartTime>2021-11-02T15:10:00+08:00</d:StartTime>
                <d:EndTime>2021-11-02T15:20:00+08:00</d:EndTime>
                <d:CrowdLevel>l</d:CrowdLevel>
            </m:properties>
        </content>
    </entry>
    <entry>
        <content type="application/xml">
            <m:properties>
                <d:Station>BP1</d:Station>
                <d:StartTime>2021-11-02T15:10:00+08:00</d:StartTime>
                <d:EndTime>2021-11-02T15:20:00+08:00</d:EndTime>
                <d:CrowdLevel>l</d:CrowdLevel>
            </m:properties>
        </content>
    </entry>
    <entry>
        <content type="application/xml">
            <m:properties>
                <d:Station>BP10</d:Station>
                <d:StartTime>2021-11-02T15:10:00+08:00</d:StartTime>
                <d:EndTime>2021-11-02T15:20:00+08:00</d:EndTime>
                <d:CrowdLevel>l</d:CrowdLevel>
            </m:properties>
        </content>
    </entry>
    <entry>
        <content type="application/xml">
            <m:properties>
                <d:Station>BP12</d:Station>
                <d:StartTime>2021-11-02T15:10:00+08:00</d:StartTime>
                <d:EndTime>2021-11-02T15:20:00+08:00</d:EndTime>
                <d:CrowdLevel>l</d:CrowdLevel>
            </m:properties>
        </content>
    </entry>
    <entry>
        <content type="application/xml">
            <m:properties>
                <d:Station>BP13</d:Station>
                <d:StartTime>2021-11-02T15:10:00+08:00</d:StartTime>
                <d:EndTime>2021-11-02T15:20:00+08:00</d:EndTime>
                <d:CrowdLevel>l</d:CrowdLevel>
            </m:properties>
        </content>
    </entry>
    <entry>
        <content type="application/xml">
            <m:properties>
                <d:Station>BP2</d:Station>
                <d:StartTime>2021-11-02T15:10:00+08:00</d:StartTime>
                <d:EndTime>2021-11-02T15:20:00+08:00</d:EndTime>
                <d:CrowdLevel>l</d:CrowdLevel>
            </m:properties>
        </content>
    </entry>
    <entry>
        <content type="application/xml">
            <m:properties>
                <d:Station>BP3</d:Station>
                <d:StartTime>2021-11-02T15:10:00+08:00</d:StartTime>
                <d:EndTime>2021-11-02T15:20:00+08:00</d:EndTime>
                <d:CrowdLevel>l</d:CrowdLevel>
            </m:properties>
        </content>
    </entry>
    <entry>
        <content type="application/xml">
            <m:properties>
                <d:Station>BP4</d:Station>
                <d:StartTime>2021-11-02T15:10:00+08:00</d:StartTime>
                <d:EndTime>2021-11-02T15:20:00+08:00</d:EndTime>
                <d:CrowdLevel>l</d:CrowdLevel>
            </m:properties>
        </content>
    </entry>
    <entry>
        <content type="application/xml">
            <m:properties>
                <d:Station>BP5</d:Station>
                <d:StartTime>2021-11-02T15:10:00+08:00</d:StartTime>
                <d:EndTime>2021-11-02T15:20:00+08:00</d:EndTime>
                <d:CrowdLevel>l</d:CrowdLevel>
            </m:properties>
        </content>
    </entry>
    <entry>
        <content type="application/xml">
            <m:properties>
                <d:Station>BP7</d:Station>
                <d:StartTime>2021-11-02T15:10:00+08:00</d:StartTime>
                <d:EndTime>2021-11-02T15:20:00+08:00</d:EndTime>
                <d:CrowdLevel>l</d:CrowdLevel>
            </m:properties>
        </content>
    </entry>
</entry>