{
    "odata.metadata": "http://datamall2.mytransport.sg/ltaodataservice/$metadata#ERPRates",
    "value": [
        {
            "VehicleType": "Motorcycles",
            "DayType": "Weekdays",
            "StartTime": "07:00",
            "EndTime": "08:00",
            "ZoneID": "AY1",
            "ChargeAmount": 0,
            "EffectiveDate": "2020-01-02"
        },
        {
            "VehicleType": "Heavy Goods Vehicles/Small Buses",
            "DayType": "Weekdays",
            "StartTime": "08:05",
            "EndTime": "08:55",
            "ZoneID": "AY1",
            "ChargeAmount": 1.5,
            "EffectiveDate": "2020-01-02"
        },
        {
            "VehicleType": "Taxis",
            "DayType": "Weekdays",
            "StartTime": "08:00",
            "EndTime": "08:05",
            "ZoneID": "AY1",
            "ChargeAmount": 0.5,
            "EffectiveDate": "2020-01-02"
        },
        {
            "VehicleType": "Motorcycles",
            "DayType": "Weekdays",
            "StartTime": "08:05",
            "EndTime": "08:55",
            "ZoneID": "AY1",
            "ChargeAmount": 0.5,
            "EffectiveDate": "2020-01-02"
        },
        {
            "VehicleType": "Passenger Cars/Light Goods Vehicles/Taxis",
            "DayType": "Weekdays",
            "StartTime": "07:00",
            "EndTime": "08:00",
            "ZoneID": "AY1",
            "ChargeAmount": 0,
            "EffectiveDate": "2020-01-02"
        }
    ]
}