<feed xmlns="http://www.w3.org/2005/Atom" xmlns:d="http://schemas.microsoft.com/ado/2007/08/dataservices" xmlns:m="http://schemas.microsoft.com/ado/2007/08/dataservices/metadata" xmlns:georss="http://www.georss.org/georss" xmlns:gml="http://www.opengis.net/gml" xml:base="http://datamall2.mytransport.sg/ltaodataservice">
    <id>http://schemas.datacontract.org/2004/07/</id>
    <title />
    <updated>2018-3-15T22:32:17Z</updated>
    <link rel="self" href="http://datamall2.mytransport.sg/ltaodataservice/ERPRates" />
    <entry>
        <id>http://datamall2.mytransport.sg/ltaodataservice/ERPRates()</id>
        <category term="DataMall2.Models.ERPRates" scheme="http://schemas.microsoft.com/ado/2007/08/dataservices/scheme" />
        <link rel="edit" href="http://datamall2.mytransport.sg/ltaodataservice/ERPRates()" />
        <link rel="self" href="http://datamall2.mytransport.sg/ltaodataservice/ERPRates()" />
        <title />
        <updated>2018-3-15T22:32:17Z</updated>
        <author>
            <name />
        </author>
        <content type="application/xml">
            <m:properties>
                <d:VehicleType>Passenger Cars/Light Goods Vehicles/Taxis</d:VehicleType>
                <d:DayType>Weekdays</d:DayType>
                <d:StartTime>08:55</d:StartTime>
                <d:EndTime>09:00</d:EndTime>
                <d:ZoneID>AY1</d:ZoneID>
                <d:ChargeAmount>0.5</d:ChargeAmount>
                <d:EffectiveDate>2018-01-02</d:EffectiveDate>
            </m:properties>
        </content>
    </entry>
    <entry>
        <id>http://datamall2.mytransport.sg/ltaodataservice/ERPRates()</id>
        <category term="DataMall2.Models.ERPRates" scheme="http://schemas.microsoft.com/ado/2007/08/dataservices/scheme" />
        <link rel="edit" href="http://datamall2.mytransport.sg/ltaodataservice/ERPRates()" />
        <link rel="self" href="http://datamall2.mytransport.sg/ltaodataservice/ERPRates()" />
        <title />
        <updated>2018-3-15T22:32:17Z</updated>
        <author>
            <name />
        </author>
        <content type="application/xml">
            <m:properties>
                <d:VehicleType>Motorcycles</d:VehicleType>
                <d:DayType>Weekdays</d:DayType>
                <d:StartTime>09:00</d:StartTime>
                <d:EndTime>22:30</d:EndTime>
                <d:ZoneID>AY1</d:ZoneID>
                <d:ChargeAmount>0</d:ChargeAmount>
                <d:EffectiveDate>2018-01-02</d:EffectiveDate>
            </m:properties>
        </content>
    </entry>
    <entry>
        <id>http://datamall2.mytransport.sg/ltaodataservice/ERPRates()</id>
        <category term="DataMall2.Models.ERPRates" scheme="http://schemas.microsoft.com/ado/2007/08/dataservices/scheme" />
        <link rel="edit" href="http://datamall2.mytransport.sg/ltaodataservice/ERPRates()" />
        <link rel="self" href="http://datamall2.mytransport.sg/ltaodataservice/ERPRates()" />
        <title />
        <updated>2018-3-15T22:32:17Z</updated>
        <author>
            <name />
        </author>
        <content type="application/xml">
            <m:properties>
                <d:VehicleType>Very Heavy Goods Vehicles/Big Buses</d:VehicleType>
                <d:DayType>Weekdays</d:DayType>
                <d:StartTime>08:05</d:StartTime>
                <d:EndTime>08:55</d:EndTime>
                <d:ZoneID>AY1</d:ZoneID>
                <d:ChargeAmount>2</d:ChargeAmount>
                <d:EffectiveDate>2018-01-02</d:EffectiveDate>
            </m:properties>
        </content>
    </entry>
    <entry>
        <id>http://datamall2.mytransport.sg/ltaodataservice/ERPRates()</id>
        <category term="DataMall2.Models.ERPRates" scheme="http://schemas.microsoft.com/ado/2007/08/dataservices/scheme" />
        <link rel="edit" href="http://datamall2.mytransport.sg/ltaodataservice/ERPRates()" />
        <link rel="self" href="http://datamall2.mytransport.sg/ltaodataservice/ERPRates()" />
        <title />
        <updated>2018-3-15T22:32:17Z</updated>
        <author>
            <name />
        </author>
        <content type="application/xml">
            <m:properties>
                <d:VehicleType>Motorcycles</d:VehicleType>
                <d:DayType>Weekdays</d:DayType>
                <d:StartTime>08:05</d:StartTime>
                <d:EndTime>08:55</d:EndTime>
                <d:ZoneID>AY1</d:ZoneID>
                <d:ChargeAmount>0.5</d:ChargeAmount>
                <d:EffectiveDate>2018-01-02</d:EffectiveDate>
            </m:properties>
        </content>
    </entry>
    <entry>
        <id>http://datamall2.mytransport.sg/ltaodataservice/ERPRates()</id>
        <category term="DataMall2.Models.ERPRates" scheme="http://schemas.microsoft.com/ado/2007/08/dataservices/scheme" />
        <link rel="edit" href="http://datamall2.mytransport.sg/ltaodataservice/ERPRates()" />
        <link rel="self" href="http://datamall2.mytransport.sg/ltaodataservice/ERPRates()" />
        <title />
        <updated>2018-3-15T22:32:17Z</updated>
        <author>
            <name />
        </author>
        <content type="application/xml">
            <m:properties>
                <d:VehicleType>Light Goods Vehicles</d:VehicleType>
                <d:DayType>Weekdays</d:DayType>
                <d:StartTime>08:55</d:StartTime>
                <d:EndTime>09:00</d:EndTime>
                <d:ZoneID>AY1</d:ZoneID>
                <d:ChargeAmount>0.5</d:ChargeAmount>
                <d:EffectiveDate>2018-01-02</d:EffectiveDate>
            </m:properties>
        </content>
    </entry>
</feed>