<feed xmlns="http://www.w3.org/2005/Atom" xmlns:d="http://schemas.microsoft.com/ado/2007/08/dataservices" xmlns:m="http://schemas.microsoft.com/ado/2007/08/dataservices/metadata" xmlns:georss="http://www.georss.org/georss" xmlns:gml="http://www.opengis.net/gml" xml:base="http://datamall2.mytransport.sg/ltaodataservice">
    <link rel="self" href="http://datamall2.mytransport.sg/ltaodataservice/GeospatialWholeIsland" />
    <entry>
        <content type="application/xml">
            <m:properties>
                <d:Link>https://dmgeospatial.s3.ap-southeast-1.amazonaws.com/ArrowMarking.zip?X-Amz-Security-Token=IQoJb3JpZ2luX2VjEFEaDmFwLXNvdXRoZWFzdC0xIkcwRQIhAMvpNSVQE8JphoWJ4qa%2FPI%2FQcM3JfLOp50Xm8oN7pEptAiAU1w6Vc8tyJZRQoD4D655f9Eitmgp%2B6Dt0GjIpxJf%2FbSqjAwhqEAEaDDM0MDY0NTM4MTMwNCIMjPen0XJobFn6wdpaKoADqhvXWTkzyW2Q1asaxX4KUUo0XZQD4jixNf2VoZfoJO7t5hHhxWaicvSlGcRnpZ2KeGYvSwkZLxGATVi6d%2BpNEa2TtwKShvW%2BWZE0wTmwHswqu057MBvs8GL4kha2rucV%2BK%2FV1NgB0CAK52u62GHyIM1MUgVAwhkockO8lJB%2BBUa3G8MpS2QdQQTEaRLuSudhU4MrZ4ClU1RZCq9kF7UR2jyetVkeTdJSEoAL16yzDdGyd9Sy6UVt9dGdKTyZzQ4c%2Fhu7pyub7bEadBDNM%2FATptI3Xgxf9JoiV1VPuDws9NtEPS0jhIleLzCtU%2FvzMtHxpAkopg2MCD%2B8zIBxFC10%2B8RKrTvo0T3ST1KANZ9TVnONga51EGt0EQhLcjKoHxLj3R%2FPGApyHJKJ%2BBZJRNibZZN1r2eA28qrU3%2F1ZYRb7qtxK2E3Y88Y1W1w8ewm%2FV5tS2SrAtx4aocgDMxTu25J%2FHyqcgcwPTjMtu6l7eZW%2F3Uz3l68tvjUES%2FuArliYf92MMqI1PQFOusBIohFK%2FblGaWKlEYQZzEd4OB2WHVlVQLK10k4FT1uVwW4t5LdVnDH593WFPGtOfl%2BgonbB45LVlL4gK6G%2FmOXexbCc4YF%2FPYnOFdnAMFd3Jli5%2BEGMOoslv9PH2PuSHCMcGqXlF3YBSk21x%2BEBvZRZfgWjodkEQWc8d7LN2OfkGrg0njtjxBNXTOcRzK3Y7xS6k8zDzCozxwz7uQIumKV9zg7kTqhBIcGVs5b0XJ6IZ%2FQffKXZtxIiH9ikl%2FeSHtftVPxOy%2BeC06gcw%2F%2FVNZ3kfWUhpDlPPEs%2FVUrB8nIBBEG0hIYVRVW%2FtPqIw%3D%3D&X-Amz-Algorithm=AWS4-HMAC-SHA256&X-Amz-Date=20200414T020026Z&X-Amz-SignedHeaders=host&X-Amz-Expires=299&X-Amz-Credential=ASIAU6UAMAS4JOFI7D6B%2F20200414%2Fap-southeast-1%2Fs3%2Faws4_request&X-Amz-Signature=5358a816ed2bfaa74dee02daed3425e6062fcdb1e3ca7f2d6218a7e47cbf8e6c</d:Link>
            </m:properties>
        </content>
    </entry>
</feed>